{
    "dani": {
        "clickbait_avg_views": 1523732.4210526317,
        "noclickbait_avg_views": 8779154.08888889,
        "clickbait_noclickbait_avg_ratio": 0.17356255575706372,
        "clickbait_per_video": 0.296875,
        "video_counts": 64,
        "clickbait_video_count": 19,
        "noclclickbait_video_count": 45,
        "total_views": 424012850,
        "clickbait_views": 28950916,
        "noclclickbait_views": 395061934,
        "result": [
            false,
            false,
            false,
            false,
            false,
            false,
            false,
            false,
            false,
            false,
            false,
            true,
            false,
            false,
            true,
            false,
            true,
            false,
            false,
            true,
            false,
            false,
            false,
            true,
            false,
            false,
            false,
            false,
            false,
            true,
            false,
            false,
            true,
            false,
            true,
            false,
            false,
            false,
            false,
            true,
            true,
            false,
            false,
            false,
            false,
            true,
            false,
            false,
            true,
            false,
            false,
            false,
            false,
            false,
            true,
            false,
            true,
            true,
            true,
            true,
            false,
            true,
            false,
            true
        ],
        "view": [
            "1166454",
            "2416510",
            "4427185",
            "62354",
            "13172722",
            "7483345",
            "8962624",
            "2980107",
            "12381528",
            "1826442",
            "2665957",
            "1580984",
            "118839204",
            "3610711",
            "1321654",
            "38229",
            "4590061",
            "3738706",
            "1777382",
            "2415591",
            "6907657",
            "1168048",
            "7128159",
            "1912939",
            "103345",
            "986097",
            "4297188",
            "1237497",
            "3137923",
            "6613",
            "32371642",
            "6791240",
            "422219",
            "4842642",
            "14152561",
            "1448790",
            "19756",
            "24062",
            "42048431",
            "15326",
            "4711",
            "7057",
            "2188980",
            "3501540",
            "5577482",
            "114402",
            "23179010",
            "2318661",
            "992056",
            "2970756",
            "152006",
            "1320701",
            "6145431",
            "966",
            "144419",
            "1021596",
            "452834",
            "246887",
            "2475",
            "259011",
            "15393",
            "288652",
            "48600418",
            "27521"
        ],
        "title": [
            "He said I Couldn't Make a Multiplayer Survival Game... So I Made One!",
            "So I Became One of The Fastest Minecraft Speedrunners",
            "I Made a Game Controlled by A Banana",
            "Dani - Me mungon (Cover)",
            "I Made Among Us, but it's 3D",
            "I Made Fall Guys in 1 Week... and Tricked Them to Think it's Real!",
            "He said I Couldn't Make a VR Game... So I Bought a VR Headset and Made One!",
            "Making a Game in 30 Minutes",
            "5 MINUTAZOS de DANI",
            "Making a Game Because He Said I Couldn't",
            "Cursed Mobile Game Ads",
            "Dani did a BIG oopsie with his new game...",
            "DANI || BZRP Music Sessions #24",
            "Adding a Banana Gun to my Game!",
            "The TRUTH about my Neck...",
            "KIIS MEGEVETT A MINECRAFTBAN!",
            "Making a Game, But I Only Have 3 Days",
            "The Making of Karlson 2D (Game)",
            "I Made a Game About MrBeast Planting Trees!",
            "Making a Game in ONE HOUR",
            "He said I Couldn't Make a 3D Game... So I Made One!",
            "Am I Quitting Youtube?",
            "The History of Dani - Why Youtube Banned me for 5 Years",
            "Dani Gambino x Dj The Boy - ELA PARTO (Official Music Video)",
            "KATONA LETTEM A MINECRAFTBAN! #7",
            "Youtube Shadow-Banned Me?",
            "I Put the Biggest Youtubers in a Fight Arena!",
            "Dani Gambino - MPERKETI (Official Music Video)",
            "I Made my Own VR Headset... using duct tape and milk cartons",
            "I remade Dani's New Survival Game (Muck), but it's VERY SCUFFED",
            "Dani - A Mi Lado (Official Video)",
            "Adding New Weapons to my Game!",
            "NOS MUDAMOS A UNA CASA DE LUJO POR UNA SEMANA!!",
            "Dani & Shkurta - Zemra Falet (Ramadan Krasniqi & Shkurte Gashi)",
            "RARE TRIBAL FOOD of West Papua's Dani People!!! (Never Seen on Camera Before!!)",
            "Dani Gambino - 131X (Official Music Video)",
            "Dani Cerdan - Amor de Calle (Official Video) (Prod. Melen)",
            "Hadal jeedinta Madaxwaynaha Puntland Mudane Siciid Cabdulaahi Dani , Ee Marxaladaha Siyaasadeed",
            "Dani and Lizzy - Dancing in the Sky",
            "SAID ABDULLAHI DANI  WALAASHIIS!",
            "Lo Invito a TOMAR y lo llevo a una IGLESIA*BROMA*//Dani Universe//",
            "Dani - Moj Pad (Official Video) (Prod. Ango)",
            "So Dani inspired me to speedrun Karlson...",
            "6 Months of Learning Game Development in Unity (Progress & Result)",
            "Programming a Boss Battle For my Game",
            "DANI -  WE AIN'T PLAYIN' II #YOMEQUEDOENCASA",
            "Dani - 21334",
            "Making my First Mobile Game  (in 1 Week)",
            "DEIXEI O RENAN ANDAR NO MEU FUSCA",
            "Stickman A.I. Learns To Walk",
            "dani learns to make 3d models",
            "DANI y EVAN van a las REBAJAS de la tienda DISNEY y pillan un sable laser JEDI",
            "DANI",
            "Home Used Beautiful Daihatsu Coure 2005 Review Price & Details | Dani Life Parts",
            "CREAMOS NUESTRA BASE SECRETA EN MINECRAFT | LYNIEL EXTREMO 1 - MINECRAFT",
            "I'm in My Hero Academia",
            "PROBANDO TRUCOS VIRALES DE TIK TOK EN BROOKHAVEN ROBLOX 7 | ACTIVAMOS AL ZOMBIE!!",
            "COPPIA ADULTI VS COPPIA BAMBINI...",
            "Muck by Dani is ALMOST perfect (Game Review & Gameplay)",
            "COMPLETANDO EL ALBUM DE FIGURITAS LOL SURPRISE POR 24 HORAS CON LYNA",
            "Gareth Emery feat. Dani Poppitt - Friendly Fires",
            "DANI y EVAN y los GOO JIT ZU de MARVEL y DINOSAURIOS",
            "DANI || BZRP Freestyle Sessions #7",
            "DANI - Kesta Kesta avec JOEY STARR"
        ]
    }
}