{
    "apex lengend": {
        "clickbait_avg_views": 220452.68421052632,
        "noclickbait_avg_views": 558823.6052631579,
        "clickbait_per_video": 0.3333333333333333,
        "video_counts": 57,
        "clickbait_video_count": 19,
        "noclclickbait_video_count": 38,
        "total_views": 25423898,
        "clickbait_views": 4188601,
        "noclclickbait_views": 21235297,
        "result": [
            true,
            true,
            false,
            true,
            false,
            false,
            true,
            false,
            true,
            true,
            true,
            false,
            true,
            false,
            true,
            true,
            false,
            false,
            false,
            false,
            false,
            false,
            false,
            false,
            false,
            false,
            false,
            true,
            false,
            false,
            true,
            false,
            false,
            false,
            true,
            false,
            false,
            false,
            false,
            false,
            false,
            false,
            true,
            false,
            false,
            false,
            false,
            false,
            true,
            true,
            true,
            false,
            false,
            true,
            true,
            false,
            false
        ],
        "view": [
            "60262",
            "67230",
            "179546",
            "19097",
            "93982",
            "35969",
            "234639",
            "71747",
            "47344",
            "80677",
            "33965",
            "47507",
            "1103208",
            "361751",
            "169195",
            "122542",
            "48244",
            "143719",
            "57965",
            "96610",
            "10647",
            "127976",
            "105668",
            "118110",
            "9246",
            "349786",
            "11071",
            "2446",
            "17212",
            "1599730",
            "367964",
            "10633",
            "20110",
            "5273",
            "27046",
            "487042",
            "1452534",
            "143888",
            "1774443",
            "47464",
            "2409387",
            "2705179",
            "808885",
            "142804",
            "20058",
            "7897924",
            "112889",
            "110096",
            "33890",
            "70504",
            "875817",
            "288670",
            "4146",
            "50793",
            "13097",
            "90735",
            "25536"
        ],
        "title": [
            "*NEW* Apex Legends WTF & Funny Moments #668",
            "Respawn tried to nerf the most POPULAR Legend (Apex Legends - Season 9)",
            "Apex Legends Global Series Championship - Group Stages - EMEA Day 3",
            "*NEW* Apex Legends WTF & Funny Moments #669",
            "Why I Don't Play Apex Solo Any More... - Apex Legends Season 9",
            "Apex Legends - Funny Moments & Best Highlights #531",
            "Apex Legends Global Series Championship - Group Stages - NA Day 2",
            "Apex Legends - Funny Moments & Best Highlights #530",
            "NEW! GUARDIAN ANGEL IN APEX! - NEW Apex Legends Funny & Epic Moments #661",
            "*NEW* Apex Legends WTF & Funny Moments #666",
            "NRG_ACEU - The BEST WINGMAN player in Apex Legends? | BEST OF ACEU - INSANE AIM - INSANE REFLEX",
            "This Weapon Helped Me Get 5K Damage In Ranked Mode - Apex Legends Gameplay",
            "FUSE is INSANELY OP in Apex Legends",
            "Apex Legends: Legacy - Official Cinematic Launch Trailer",
            "Apex Legends Global Series Championship - Group Stages - NA Day 1",
            "my *NEW Apex settings are INCREDIBLE.. (Apex Legends Season 9)",
            "I Never Should've Stopped Using the Bow... - Apex Legends Season 9",
            "Revenant's Infinite Climb Buff Is In The Works, But Is He Already Too Strong?  Apex Legends Gameplay",
            "Apex Legends - Funny Moments & Best Highlights #529",
            "Best Plays of ALGS Championship Day 1 - Apex Legends Highlights",
            "Ranked climb in Apex Legends Season 9 - Part 5",
            "Apex Legends: Legacy - Official Gameplay Trailer",
            "Apex Legends - Funny Moments & Best Highlights #528",
            "Apex Legends Global Series Championship - Group Stages - EMEA Day 2",
            "Getting Easy Wins In Predator Ranked (Apex Legends Season 9)",
            "Apex Legends: Fight Night - Official Cinematic Trailer (Stories from the Outlands)",
            "Apex Legends Global Series Championship - EMEA Day 2 Tournament",
            "Imperialhal demonstrates wingman BUG with Octane! (imperialhal ) ( apex legends )",
            "Apex Legends - Funny Moments & Best Highlights #532",
            "Apex Legends Season 1 Battle Pass Trailer",
            "USING MOVEMENT TO KILL TWITCH STREAMERS IN APEX LEGENDS #7",
            "TSM ImperialHal explains Bangalore & Bloodhound metas... (Apex Legends)",
            "G2 Apex Legends Roster Announcement!",
            "Learning to Improve Positioning to Get Better in Apex Legends! (Season 9)",
            "They Gave Me 3 FREE HEIRLOOMS!!! Apex Legends Crypto Voice Actor \"Johnny Young\"",
            "Apex Legends - Official Northstar Cinematic Trailer (Stories from the Outlands)",
            "Apex Legends Nintendo Switch Gameplay Trailer",
            "Apex Legends Season 8: Mayhem - Official Gameplay Trailer",
            "Apex Legends: Season 4 - Official Revenant Cinematic Trailer",
            "TSM_ImperialHal talking about Character Gibraltar | Apex Legends Daily Highlights & Funny Moments",
            "Apex Legends Official Launch Trailer",
            "Apex Legends Champion Edition Trailer",
            "*NEW* Season 9 Apex Legends Secret Behind the Scenes - Mocap Animations",
            "How to End a 15-KILL Game with Style... | Apex Legends",
            "Apex Legends - Stories from the Outlands: Northstar | PS5, PS4",
            "Apex Legends - Official Cinematic Launch Trailer",
            "Apex Legends Global Series Championship - Group Stages - EMEA Day 1",
            "Here's Why Lifeline is Dominating Season 9! - Apex Legends Season 9",
            "EVERY Unreleased Skin and Recolour Showcase in Apex Legends",
            "I've been using the VOLT WRONG this whole time.. (Apex Legends Season 9)",
            "VALKYRIE is INSANELY OP in Apex Legends",
            "Apex Legends - Official Rampart Cinematic Trailer (Stories from the Outlands)",
            "Best Consoles SETTINGS For No Recoil in Apex Legends Season 9",
            "SUSSY BAKA PLAYS APEX LEGENDS",
            "HOW TO USE WRAITH IN APEX LEGENDS SEASON 9 | MASTER WRAITH GUIDE",
            "Ultimate Survival! - Apex Legends",
            "Bamboozling Lobbies For 20 Kills & 4k Damage (Apex Legends Season 9)"
        ]
    }
}