{
    "youtube": {
        "clickbait_avg_views": 2952061.0,
        "noclickbait_avg_views": 37990506.22727273,
        "clickbait_noclickbait_avg_ratio": 0.07770522936282345,
        "clickbait_per_video": 0.4358974358974359,
        "video_counts": 39,
        "clickbait_video_count": 17,
        "noclclickbait_video_count": 22,
        "total_views": 885976174,
        "clickbait_views": 50185037,
        "noclclickbait_views": 835791137,
        "result": [
            false,
            false,
            false,
            false,
            false,
            false,
            false,
            false,
            true,
            true,
            false,
            true,
            true,
            true,
            true,
            false,
            true,
            false,
            true,
            true,
            true,
            false,
            false,
            true,
            false,
            false,
            false,
            true,
            true,
            false,
            true,
            false,
            false,
            true,
            true,
            false,
            true,
            false,
            false
        ],
        "view": [
            "228426592",
            "50054410",
            "2765428",
            "1101023",
            "12041923",
            "1667964",
            "216755453",
            "115039913",
            "1500990",
            "598291",
            "441214",
            "1971659",
            "18142839",
            "2625909",
            "1344809",
            "5179573",
            "3514126",
            "454823",
            "3121790",
            "5493950",
            "3299371",
            "10675428",
            "7536578",
            "103626",
            "150596714",
            "107440",
            "654051",
            "41070",
            "1354642",
            "4665110",
            "1394424",
            "3730997",
            "4047684",
            "1177672",
            "992458",
            "618409",
            "3507411",
            "18871011",
            "359399"
        ],
        "title": [
            "Diana and the Collection of New Stories for Kids",
            "Youtube Rewind 2020, Thank God It's Over",
            "19 Life Hacks for Dealing with a Cast/ How to Survive a Cast",
            "If My Mom Works for YouTube / 16 Funny Situations",
            "If Sweet Food Were People! 17 Funny Situations",
            "JaidenAnimations the Anime",
            "YouTube Rewind 2018: Everyone Controls Rewind | #YouTubeRewind",
            "YouTube Rewind 2019: For the Record | #YouTubeRewind",
            "SNEAK ANYTHING ANYWHERE YOU GO! Funny Food Sneaking Ideas by Crafty Panda",
            "POP IT! Best Food Pranks and Funny Ideas for Friends | One Color Battles by RATATA BOOM",
            "Rich vs Broke Ways to Sneak Food Anywhere! Food Sneaking Ideas",
            "IF FOOD WERE PEOPLE || Funny Food Situations And Crazy Food Hacks by 123 GO Like!",
            "Try Not to LAUGH while watching Kids fails Videos - Funniest Home Videos",
            "HOW TO SNEAK FOOD ANYWHERE || Life hacks and tricks for foodies by 123 Go! GENIUS",
            "FOOD PRANKS AND COOL FOOD HACKS! || Funny Pranks Ideas by 123 Go! LIVE Livestream 24/7",
            "Minecraft, But My Friend Is A Wither...",
            "POP IT! FUNNY PRANKS ON FRIENDS || Crazy And Awesome Pranks by 123 GO!",
            "Cuidado !!! Lucky Bob",
            "HOW TO SNEAK FOOD ANYWHERE || Cool Food Hacks, Pranks and Tricks by 123 GO!",
            "HOW TO SNEAK SNACK ANYWHERE YOU GO || 24 Hours Of Sneaky Food Hacks By 123 GO Like!",
            "LITTLE BIG - EVERYBODY (Little Big Are Back) (Official Music Video)",
            "Dua Lipa - Love Again (Official Music Video)",
            "The Recycling Song + More Nursery Rhymes & Kids Songs - CoComelon",
            "ULTIMATE FREE KICK CHALLENGE ON YOUTUBE | #FKFRIDAY Ep. 05",
            "Nastya and Hot vs Cold Challenge with Dad",
            "Thank You Youtube | Subscriber Mode OP     | Valorant #Valorant #live #binks69 #S8UL",
            "Calvin Harris - By Your Side (Lyric Video) ft. Tom Grennan",
            "O YOUTUBE VAI MONETIZAR TODOS OS CANAIS PEQUENOS!! (Inclusive o Seu)",
            "NEW McLaren In LOBBY | PUBG MOBILE",
            "The Boo Boo Song | CoComelon Nursery Rhymes & Kids Songs",
            "FORMAS GENIALES DE COLAR COMIDA EN CUALQUIER LUGAR || Trucos y bromas de comida por 123 GO!",
            "Chudail Nani | Dayan | Hindi Cartoon | Stories in Hindi | Horror Stories | Hindi Kahaniya",
            "Rich Vs Normal Food Challenge | Hungry Birds",
            "Will I DELETE my YouTube Channel?",
            "EATING ONLY 1 COLOR FOOD FOR 24 HRS! 100 Layers of Food! 100+ Food Challenges by 123 GO! CHALLENGES",
            "Sangeethe | Episode 553 04th June 2021",
            "We're Zombies LOCKED In ONE BLOCK In Minecraft!",
            "Humpty Dumpty Song + More Nursery Rhymes & Kids Songs - CoComelon",
            "Reacting to the Most Viewed YouTube Shorts Ever"
        ]
    }
}